{"/5TxP6rB5Xsj6wML99MSww==":"logo2.png","CpyJJWGGkAx6ikjkO6qcSg==":"banner-depositphotos_203565104_xl-2015-2000x1335.jpg","dSyoWM9Y1UjlIK5+bEI4qA==":"banner-depositphotos_203565104_xl-2015-2000x667.jpg","SrSn9RyfZG6yyuTR47hiEg==":"core-logo-yellow-122x118.png","Dv5wPsgKv5nt2tj2gNVCBg==":"core-logo-gold-126x122.png","Fh0abHScBjsk9UbmUrSGnA==":"core-logo-blue-126x122.png","lFYmtRITDV3b2as7p3Sz0Q==":"core-logo-dark-126x122.png","JMSjPGwEo3iwDkpNewuUeg==":"core-logo-yellow-126x122.png","OXtxVVb2k5uXHt6qwAOfXQ==":"core-logo-c-shield-126x133.png","n5+9zxdGVQth6Taicek00A==":"house-banner-2000x667.jpg","ZxVSh9goPQ3jz4vW3APD5w==":"yellow-patern-bg-2000x667.jpg","yleDTEKni1xehB2Bqs+USw==":"yellow-patern-bg2-2000x667.jpg","DmC8iHKR3Q/v72dqM9I+xw==":"sm-depositphotos_22404499_xl-2015-676x451.jpg","zjN1OrCmbgFzUvxNGgCOxg==":"sm-view-of-a-construction-site-with-heavy-duty-equipment_stnl7euarj-676x451.jpg","uNaMcaF3RflGTYrwpCDwNw==":"sm-depositphotos_70862547_xl-2015-676x451.jpg","KT0ox1FFl4lKqcyx7AtUNA==":"sm-depositphotos_65897179_xl-2015-676x451.jpg","wdHtBaGYpJYobSy+f30rcQ==":"mbr-676x507.jpg","cxdxrmUFTTlwaToKb8IZEQ==":"depositphotos_12796025_xl-2015-676x478.jpg","sJm0aZt1Ug0aA5vDANx6RA==":"sm-depositphotos_12796025_xl-2015-676x451.jpg","Vj1c6ztrrNJtOeEIDiHr8Q==":"sm-depositphotos_32855689_xl-2015-676x451.jpg","Q3N5D1va+daCkeL4h/W1Fw==":"background1.jpg","4NoX7RRJpBM7gJjDAQKlKQ==":"plans-bg-inverted-2000x721.jpg","LiUIORYxGXGMpCM1i0NnEA==":"06.jpg","UPFvO4X8XgUZ0dKSR/dxdQ==":"plan-bg-2000x1347.jpg","xph7IslaqDSq7z3tb1Yutw==":"yellow-2000x1419.jpg","Y7Yrl0d/sJMxGECHxuApFQ==":"core-logo-c-shield-96x101.png","kCkgkUXwuXbTI32LJjdZ5w==":"all-bong-101861-unsplash-676x451.jpg","hBZ1t9ItIYjPzRvwTyMwNQ==":"toa-heftiba-662338-unsplash-676x451.jpg","uPF0+OV70i2vOe3BjMy7Dw==":"jesse-orrico-60368-unsplash-1030x687.jpg","ayY40fgN+gu35p8DBOa25g==":"sm-depositphotos_65897179_xl-2015-1030x687.jpg","ymT8OXe4jBOMP9e36qWyFA==":"jesse-orrico-60368-unsplash-1-1030x687.jpg","DA/BzH69cQpLeaHqSnVjAw==":"sm-depositphotos_32855689_xl-2015-1030x687.jpg","ibIE3c/2EhH0WMZKP3+16w==":"background8.jpg","fFBD+21hAutpMPtHDZPWPA==":"sm-depositphotos_70862547_xl-2015-1030x687.jpg","oaRpj3J825/ODG/u86uGXA==":"1-2-120x100.png","1Nv4CeZYKaHH3x2vlK9DYw==":"2-2-120x100.png","040uCrBMWQHK81oHq0PwQQ==":"3-2-120x100.png","ZHF54Y6TMiFf/EkaYXd3/g==":"4-2-120x100.png","HWABTHu0X4z0j78GHcaVSw==":"sm-depositphotos_12796025_xl-2015-1030x687.jpg","kYr1822pkDeWIitXwXpORA==":"esl2-cropped-1030x687.jpg","d7PQ2Qs6PVgQ9CKx1LV7NA==":"postimage14-1030x687.jpg","rwcQBZbhlr+linUrxPQV3A==":"safe-stoves-picture-1030x687.jpg","QLF7BWYOAfbkWv25KufGFw==":"postimage48-1030x687.jpg","XpM/Xvobf0/nsUojipBV6A==":"postimage10-1030x687.jpg","UxJQFFZOLpTkG3PRNWW/Fg==":"postimage24-1030x687.jpg","gfjBW3RgD7wDdby3gmKcOw==":"01-215237-p0m67q-292-240x240.jpg","2pwj8f4ihCxu8b/3aMLJTQ==":"02-215237-p0m67q-292-240x240.jpg","Sv+8BUQAMr0wfNfITU/7lg==":"04-215237-p0m67q-292-240x240.jpg","RXT2/hJBiE2RXthzroGwIQ==":"03b-215237-p0m67q-292-240x240.jpg","6jAJiYQqDhuPpwVvCkk/cg==":"5-1.png","UmOqk0tlyaqlKURWeVqUwQ==":"1-2.png","6ONvU6CxMMhrb1g7t1WuTw==":"background7-5.jpg","KzUJhS9ksxpgUR6NGfYPrw==":"depositphotos_11497591_xl-2015-1586x1021.jpg","LiS1UaIw7uZcddWr4/YySQ==":"all-bong-101861-unsplash-1030x687.jpg","QnXpFa0cRb5FPGg7bn00vw==":"evelyn-paris-95853-unsplash-1030x687.jpg","mr2u2PAROBif2SSS9MTS4Q==":"toa-heftiba-662338-unsplash-1030x687.jpg","hSUwMhQxVfLMyjTgj+b5dw==":"yann-maignan-376934-unsplash-1030x687.jpg","YfwumkGs8wGKrX1DasThYA==":"background2.jpg","6edgndODWJV7M92E1DALRQ==":"face2.jpg","KYUroB+RDOt87E6JxujuIQ==":"face1.jpg","3I5+6XuA8sdIiRINu7cZUg==":"face4.jpg","T/jnPgrfEHPQii08/IV+fA==":"face3.jpg","hrCCW2syb074JerssRgRLQ==":"background1-1.jpg","/gtsQ8faOaUlhO3mJQF+Lw==":"team14-400x400.jpg","8ZxaHNj/PPLz47OGpJXmyA==":"depositphotos_1312804_xl-2015-492x328.jpg","Hq/6dpnfLZb0RvpEH0Jkxw==":"sm03-492x328.jpg","+6SBW0PriDs1SfahNUFgrA==":"sm03-492x492.jpg","+BGUdF//CYE6C8ky5MSTUg==":"sm-artch01-492x492.jpg","+nMgBFlCIvxzeuAZPXD+Iw==":"sm-2s3x-2206-143-492x492.jpg","weOFpy3+jhhkzHeZfEHr5Q==":"sm-rawpixel-648567-unsplash-492x492.jpg","vqwPSPU221dmHbk1KUYOIA==":"sm-sq-d3x-9757-344-492x492.jpg","STjhnRNs4U1YtubgwD3NQQ==":"sm-sq-depositphotos_203565104_xl-2015-492x492.jpg","adcQsayVTWc9nVt22cyk1A==":"smsq02-492x492.jpg","KFeA6HmULlVcPdNVibZtTw==":"sm-id01-492x492.jpg","/TeEN/b/kkqw+OQpaitg8Q==":"sm-annie-spratt-439326-unsplash-1030x687.jpg","PRZRE2hYcyqLsYPrNn/mDA==":"404-900x600.jpg","0zX7NeFBKkFqO/D9teMo0w==":"logo01-200x200.png","EXgT/O9h5pZwyLO2hBO/nw==":"logo02-200x200.png","SBogHmvwNB1u3qKJi/A/bA==":"sun-128x128.png","0wLSjPub9UcO+V4E6WwI+w==":"paint-128x128.png","OAWCxL1ehj8c4zqLFBJWtQ==":"logo-128x128.png","RBrqT3zeB+k5fEm6WOelUA==":"triangle-128x128.png","TAuKI3U+f+ezWP+RoWg/fA==":"abstract-128x128.png","0GDUE2TzzZkOgVQzXlXHaw==":"fukuoka-japan-flag-symbol-128x128.png","hME8GDpteMI5KmoRVKpi9g==":"hexagons-128x128.png","hL7JD1MWTOMKBbRDYHimmQ==":"abstract%20(1)-128x128.png","QqkDS2Dbn6844yncX7HJBQ==":"abstract%20(2)-128x128.png","AzCJ261qzeIgA9E9NYOUUg==":"logo-1.png","CcTBAuOHGN3PpHz2k+QvXA==":"logo2-1.png","GbiDJHBRl4kLTZX70CcIqg==":"core-logo-c-shield-122x129.png","23A+Hd3g6irbWzivrU/jpA==":"web-img-4103-676x451.jpg","T/JDGB0DTen4NC3ahbNq6g==":"web-photo%20mar%2018,%207%2025%2013%20pm-676x1014.jpg"}